[{
  "_id": "5c239d043310af09794ce2bc",
  "name": "Girl with Dragon Tattoo",
  "pageCount": 456,
  "created": "2018-12-26T15:23:48.282Z"
},
  {
    "_id": "5c23988a6b479808ca4edd43",
    "name": "go",
    "pageCount": 456,
    "created": "2018-12-26T15:04:42.564Z"
  },
  {
    "_id": "58c6a8e5fb4d61115815f8b7",
    "name": "Game Of Throne",
    "pageCount": 520,
    "created": "2017-03-08T17:09:21.627Z"
  },
  {
    "_id": "58c6a8f6fb4d61115815f8b8",
    "name": "when day come",
    "pageCount": 300,
    "created": "2017-03-08T17:09:21.627Z"
  }
]